Day,Date,Weekday,Slot,Type,Block,Chapter,Book pages,Plan,Blueprint,Unit ID,Done (date)
1,2026-10-19,Mon,Weekday 5:00-6:00,Read,B1 Layer 2,Kickoff,-,"Stream tour: schedule, tracker, blueprint map, CML, Anki deck",,KICKOFF,
2,2026-10-20,Tue,Weekday 5:00-6:00,Read,B1 Layer 2,Ch 1 Packet Forwarding,-,Refresher: re-read notes/ch01-packet-forwarding.md and notes/ch01-lab01-flashcards.md from May; skim pp 2-35. Labs already done (labs/ch01-*). Own-words summary + Anki cards,-,R-1-1,
3,2026-10-21,Wed,Weekday 5:00-6:00,Read,B1 Layer 2,Ch 5 VLAN Trunks and EtherChannel,pp 94-101,Pre-scan + DIKTA quiz (chat answers) + 1 sprint,"3.1.a, 3.1.b",R-5-1,
4,2026-10-22,Thu,Weekday 5:00-6:00,Read,B1 Layer 2,Ch 5 VLAN Trunks and EtherChannel,pp 102-113,Sprints (25 + 15 min) with explain-back,"3.1.a, 3.1.b",R-5-2,
5,2026-10-23,Fri,Weekday 5:00-6:00,Read,B1 Layer 2,Ch 5 VLAN Trunks and EtherChannel,pp 114-119,Sprints (25 + 15 min) with explain-back,"3.1.a, 3.1.b",R-5-3,
6,2026-10-24,Sat,Weekend 5:00-8:00,Buffer,,Buffer,-,Catch up any missed reading or labs; otherwise concept review: Pearson questions for chapters read so far,,BUF,
7,2026-10-25,Sun,Weekend 5:00-8:00,Buffer,,Buffer,-,Catch up any missed reading or labs; otherwise concept review: Pearson questions for chapters read so far,,BUF,
8,2026-10-26,Mon,Weekday 5:00-6:00,Read,B1 Layer 2,Ch 5 VLAN Trunks and EtherChannel,pp 120-123,Sprints (25 + 15 min) with explain-back; own-words summary; write 5-6 Anki cards,"3.1.a, 3.1.b",R-5-4,
9,2026-10-27,Tue,Weekday 5:00-6:00,Read,B1 Layer 2,Ch 2 Spanning Tree Protocol,pp 36-43,Pre-scan + DIKTA quiz (chat answers) + 1 sprint,3.1.c,R-2-1,
10,2026-10-28,Wed,Weekday 5:00-6:00,Read,B1 Layer 2,Ch 2 Spanning Tree Protocol,pp 44-53,Sprints (25 + 15 min) with explain-back,3.1.c,R-2-2,
11,2026-10-29,Thu,Weekday 5:00-6:00,Read,B1 Layer 2,Ch 2 Spanning Tree Protocol,pp 54-57,Sprints (25 + 15 min) with explain-back; own-words summary; write 5-6 Anki cards,3.1.c,R-2-3,
12,2026-10-30,Fri,Weekday 5:00-6:00,Read,B1 Layer 2,Ch 3 Advanced STP Tuning,pp 58-65,Pre-scan + DIKTA quiz (chat answers) + 1 sprint,3.1.c,R-3-1,
13,2026-10-31,Sat,Weekend 5:00-8:00,Lab,B1 Layer 2,Ch 5 VLAN Trunks and EtherChannel,-,"DTP trunk modes, allowed VLANs, native VLAN mismatch: Build, Break, Fix; Anki cards from what broke","3.1.a, 3.1.b",L-5-1,
14,2026-10-31,Sat,Weekend 5:00-8:00,Lab,B1 Layer 2,Ch 5 VLAN Trunks and EtherChannel,-,"LACP/PAgP EtherChannel: mode and config mismatches: Build, Break, Fix; Anki cards from what broke","3.1.a, 3.1.b",L-5-2,
15,2026-11-01,Sun,Weekend 5:00-8:00,Buffer,,Buffer,-,Catch up any missed reading or labs; otherwise concept review: Pearson questions for chapters read so far,,BUF,
16,2026-11-02,Mon,Weekday 5:00-6:00,Read,B1 Layer 2,Ch 3 Advanced STP Tuning,pp 66-75,Sprints (25 + 15 min) with explain-back,3.1.c,R-3-2,
17,2026-11-03,Tue,Weekday 5:00-6:00,Read,B1 Layer 2,Ch 3 Advanced STP Tuning,pp 76-79,Sprints (25 + 15 min) with explain-back; own-words summary; write 5-6 Anki cards,3.1.c,R-3-3,
18,2026-11-04,Wed,Weekday 5:00-6:00,Read,B1 Layer 2,Ch 4 Multiple Spanning Tree Protocol,pp 80-87,Pre-scan + DIKTA quiz (chat answers) + 1 sprint,3.1.c,R-4-1,
19,2026-11-05,Thu,Weekday 5:00-6:00,Read,B1 Layer 2,Ch 4 Multiple Spanning Tree Protocol,pp 88-93,Sprints (25 + 15 min) with explain-back; own-words summary; write 5-6 Anki cards,3.1.c,R-4-2,
20,2026-11-06,Fri,Weekday 5:00-6:00,Buffer,,Buffer,-,Catch up if behind; otherwise extra Anki + re-read last chapter's notes,,BUF,
21,2026-11-07,Sat,Weekend 5:00-8:00,Lab,B1 Layer 2,Ch 3 Advanced STP Tuning,-,"RSTP root election, port roles, priority/cost tuning (covers ch 2 + 3); Anki cards from what broke",3.1.c,L-3-1,
22,2026-11-07,Sat,Weekend 5:00-8:00,Lab,B1 Layer 2,Ch 3 Advanced STP Tuning,-,"Root guard, BPDU guard, PortFast, err-disable recovery: Build, Break, Fix; Anki cards from what broke",3.1.c,L-3-2,
23,2026-11-08,Sun,Weekend 5:00-8:00,Lab,B1 Layer 2,Ch 4 Multiple Spanning Tree Protocol,-,"MST region, instance-to-VLAN mapping; Anki cards from what broke",3.1.c,L-4-1,
24,2026-11-08,Sun,Weekend 5:00-8:00,Lab,B1 Layer 2,Ch 4 Multiple Spanning Tree Protocol,-,"MST region mismatch / boundary ports: Break, Fix; Anki cards from what broke",3.1.c,L-4-2,
25,2026-11-09,Mon,Weekday 5:00-6:00,Block review,B1 Layer 2,Review: ch 5,-,"Recall first (blank page: what do I remember?), then re-read own notes, redo DIKTA quiz, book's 'Review All Key Topics' + 'Define Key Terms'",,V-B1-1,
26,2026-11-10,Tue,Weekday 5:00-6:00,Block review,B1 Layer 2,Review: ch 2,-,"Recall first (blank page: what do I remember?), then re-read own notes, redo DIKTA quiz, book's 'Review All Key Topics' + 'Define Key Terms'",,V-B1-2,
27,2026-11-11,Wed,Weekday 5:00-6:00,Block review,B1 Layer 2,Review: ch 3,-,"Recall first (blank page: what do I remember?), then re-read own notes, redo DIKTA quiz, book's 'Review All Key Topics' + 'Define Key Terms'",,V-B1-3,
28,2026-11-12,Thu,Weekday 5:00-6:00,Block review,B1 Layer 2,Review: ch 4,-,"Recall first (blank page: what do I remember?), then re-read own notes, redo DIKTA quiz, book's 'Review All Key Topics' + 'Define Key Terms'",,V-B1-4,
29,2026-11-13,Fri,Weekday 5:00-6:00,Read,B2 Routing and OSPF,Ch 6 IP Routing Essentials,pp 124-131,Pre-scan + DIKTA quiz (chat answers) + 1 sprint,"3.2.d, 2.2.a",R-6-1,
30,2026-11-14,Sat,Weekend 5:00-8:00,Block lab,B1 Layer 2,B1 Layer 2: mixed lab,-,One topology combining the block's topics; troubleshoot from scratch without the book (faults from 2+ chapters at once),,BL-B1,
31,2026-11-15,Sun,Weekend 5:00-8:00,Block test,B1 Layer 2,B1 Layer 2: block test,-,"Pearson Test Prep (book's code), custom exam: this block's chapters + ~20% from earlier blocks, timed. Review every miss, log weak topics in tracker",,BT-B1,
32,2026-11-16,Mon,Weekday 5:00-6:00,Read,B2 Routing and OSPF,Ch 6 IP Routing Essentials,pp 132-143,Sprints (25 + 15 min) with explain-back,"3.2.d, 2.2.a",R-6-2,
33,2026-11-17,Tue,Weekday 5:00-6:00,Read,B2 Routing and OSPF,Ch 6 IP Routing Essentials,pp 144-149,Sprints (25 + 15 min) with explain-back,"3.2.d, 2.2.a",R-6-3,
34,2026-11-18,Wed,Weekday 5:00-6:00,Read,B2 Routing and OSPF,Ch 6 IP Routing Essentials,pp 150-153,Sprints (25 + 15 min) with explain-back; own-words summary; write 5-6 Anki cards,"3.2.d, 2.2.a",R-6-4,
35,2026-11-19,Thu,Weekday 5:00-6:00,Read,B2 Routing and OSPF,Ch 7 EIGRP,pp 154-161,Pre-scan + DIKTA quiz (chat answers) + 1 sprint. Note: Concepts only: compare with OSPF,3.2.a,R-7-1,
36,2026-11-20,Fri,Weekday 5:00-6:00,Read,B2 Routing and OSPF,Ch 7 EIGRP,pp 162-169,Sprints (25 + 15 min) with explain-back; own-words summary; write 5-6 Anki cards,3.2.a,R-7-2,
37,2026-11-21,Sat,Weekend 5:00-8:00,Lab,B2 Routing and OSPF,Ch 6 IP Routing Essentials,-,VRF-lite with overlapping customer subnets; Anki cards from what broke,"3.2.d, 2.2.a",L-6-1,
38,2026-11-21,Sat,Weekend 5:00-8:00,Lab,B2 Routing and OSPF,Ch 6 IP Routing Essentials,-,Policy-based routing next-hop override; Anki cards from what broke,"3.2.d, 2.2.a",L-6-2,
39,2026-11-22,Sun,Weekend 5:00-8:00,Lab,B2 Routing and OSPF,Ch 7 EIGRP,-,"EIGRP vs OSPF side by side: metrics, load balancing, path selection; Anki cards from what broke",3.2.a,L-7-1,
40,2026-11-23,Mon,Weekday 5:00-6:00,Read,B2 Routing and OSPF,Ch 8 OSPF,pp 170-177,Pre-scan + DIKTA quiz (chat answers) + 1 sprint,3.2.b,R-8-1,
41,2026-11-24,Tue,Weekday 5:00-6:00,Read,B2 Routing and OSPF,Ch 8 OSPF,pp 178-189,Sprints (25 + 15 min) with explain-back,3.2.b,R-8-2,
42,2026-11-25,Wed,Weekday 5:00-6:00,Read,B2 Routing and OSPF,Ch 8 OSPF,pp 190-197,Sprints (25 + 15 min) with explain-back,3.2.b,R-8-3,
43,2026-11-26,Thu,Weekday 5:00-6:00,Read,B2 Routing and OSPF,Ch 8 OSPF,pp 198-201,Sprints (25 + 15 min) with explain-back; own-words summary; write 5-6 Anki cards,3.2.b,R-8-4,
44,2026-11-27,Fri,Weekday 5:00-6:00,Read,B2 Routing and OSPF,Ch 9 Advanced OSPF,pp 202-209,Pre-scan + DIKTA quiz (chat answers) + 1 sprint,3.2.b,R-9-1,
45,2026-11-28,Sat,Weekend 5:00-8:00,Lab,B2 Routing and OSPF,Ch 8 OSPF,-,"Single-area OSPF, DR/BDR election; Anki cards from what broke",3.2.b,L-8-1,
46,2026-11-28,Sat,Weekend 5:00-8:00,Lab,B2 Routing and OSPF,Ch 8 OSPF,-,"OSPF adjacency faults: MTU, timers, area, network type, passive-interface; Anki cards from what broke",3.2.b,L-8-2,
47,2026-11-29,Sun,Weekend 5:00-8:00,Buffer,,Buffer,-,Catch up any missed reading or labs; otherwise concept review: Pearson questions for chapters read so far,,BUF,
48,2026-11-30,Mon,Weekday 5:00-6:00,Read,B2 Routing and OSPF,Ch 9 Advanced OSPF,pp 210-221,Sprints (25 + 15 min) with explain-back,3.2.b,R-9-2,
49,2026-12-01,Tue,Weekday 5:00-6:00,Read,B2 Routing and OSPF,Ch 9 Advanced OSPF,pp 222-229,Sprints (25 + 15 min) with explain-back; own-words summary; write 5-6 Anki cards,3.2.b,R-9-3,
50,2026-12-02,Wed,Weekday 5:00-6:00,Read,B2 Routing and OSPF,Ch 10 OSPFv3,pp 230-237,Pre-scan + DIKTA quiz (chat answers) + 1 sprint,3.2.b,R-10-1,
51,2026-12-03,Thu,Weekday 5:00-6:00,Read,B2 Routing and OSPF,Ch 10 OSPFv3,pp 238-243,Sprints (25 + 15 min) with explain-back; own-words summary; write 5-6 Anki cards,3.2.b,R-10-2,
52,2026-12-04,Fri,Weekday 5:00-6:00,Buffer,,Buffer,-,Catch up if behind; otherwise extra Anki + re-read last chapter's notes,,BUF,
53,2026-12-05,Sat,Weekend 5:00-8:00,Lab,B2 Routing and OSPF,Ch 9 Advanced OSPF,-,Multi-area OSPF with ABR/ASBR summarization; Anki cards from what broke,3.2.b,L-9-1,
54,2026-12-05,Sat,Weekend 5:00-8:00,Lab,B2 Routing and OSPF,Ch 9 Advanced OSPF,-,OSPF route filtering; Anki cards from what broke,3.2.b,L-9-2,
55,2026-12-06,Sun,Weekend 5:00-8:00,Lab,B2 Routing and OSPF,Ch 10 OSPFv3,-,"OSPFv3 dual stack (address families): Build, Break, Fix; Anki cards from what broke",3.2.b,L-10-1,
56,2026-12-07,Mon,Weekday 5:00-6:00,Block review,B2 Routing and OSPF,Review: ch 6,-,"Recall first (blank page: what do I remember?), then re-read own notes, redo DIKTA quiz, book's 'Review All Key Topics' + 'Define Key Terms'",,V-B2-1,
57,2026-12-08,Tue,Weekday 5:00-6:00,Block review,B2 Routing and OSPF,Review: ch 7,-,"Recall first (blank page: what do I remember?), then re-read own notes, redo DIKTA quiz, book's 'Review All Key Topics' + 'Define Key Terms'",,V-B2-2,
58,2026-12-09,Wed,Weekday 5:00-6:00,Block review,B2 Routing and OSPF,Review: ch 8,-,"Recall first (blank page: what do I remember?), then re-read own notes, redo DIKTA quiz, book's 'Review All Key Topics' + 'Define Key Terms'",,V-B2-3,
59,2026-12-10,Thu,Weekday 5:00-6:00,Block review,B2 Routing and OSPF,Review: ch 9,-,"Recall first (blank page: what do I remember?), then re-read own notes, redo DIKTA quiz, book's 'Review All Key Topics' + 'Define Key Terms'",,V-B2-4,
60,2026-12-11,Fri,Weekday 5:00-6:00,Block review,B2 Routing and OSPF,Review: ch 10,-,"Recall first (blank page: what do I remember?), then re-read own notes, redo DIKTA quiz, book's 'Review All Key Topics' + 'Define Key Terms'",,V-B2-5,
61,2026-12-12,Sat,Weekend 5:00-8:00,Block lab,B2 Routing and OSPF,B2 Routing and OSPF: mixed lab,-,One topology combining the block's topics; troubleshoot from scratch without the book (faults from 2+ chapters at once),,BL-B2,
62,2026-12-13,Sun,Weekend 5:00-8:00,Block test,B2 Routing and OSPF,B2 Routing and OSPF: block test,-,"Pearson Test Prep (book's code), custom exam: this block's chapters + ~20% from earlier blocks, timed. Review every miss, log weak topics in tracker",,BT-B2,
63,2026-12-14,Mon,Weekday 5:00-6:00,Read,B3 BGP and IP services,Ch 11 BGP,pp 244-251,Pre-scan + DIKTA quiz (chat answers) + 1 sprint,3.2.c,R-11-1,
64,2026-12-15,Tue,Weekday 5:00-6:00,Read,B3 BGP and IP services,Ch 11 BGP,pp 252-263,Sprints (25 + 15 min) with explain-back,3.2.c,R-11-2,
65,2026-12-16,Wed,Weekday 5:00-6:00,Read,B3 BGP and IP services,Ch 11 BGP,pp 264-275,Sprints (25 + 15 min) with explain-back,3.2.c,R-11-3,
66,2026-12-17,Thu,Weekday 5:00-6:00,Read,B3 BGP and IP services,Ch 11 BGP,pp 276-283,Sprints (25 + 15 min) with explain-back,3.2.c,R-11-4,
67,2026-12-18,Fri,Weekday 5:00-6:00,Read,B3 BGP and IP services,Ch 11 BGP,pp 284-287,Sprints (25 + 15 min) with explain-back; own-words summary; write 5-6 Anki cards,3.2.c,R-11-5,
68,2026-12-19,Sat,Weekend 5:00-8:00,Lab,B3 BGP and IP services,Ch 11 BGP,-,"eBGP between directly connected neighbors, network advertisement; Anki cards from what broke",3.2.c,L-11-1,
69,2026-12-19,Sat,Weekend 5:00-8:00,Lab,B3 BGP and IP services,Ch 11 BGP,-,"eBGP neighbor faults: wrong AS, source address, TCP 179 blocked; Anki cards from what broke",3.2.c,L-11-2,
70,2026-12-20,Sun,Weekend 5:00-8:00,Buffer,,Buffer,-,Catch up any missed reading or labs; otherwise concept review: Pearson questions for chapters read so far,,BUF,
71,2026-12-21,Mon,Weekday 5:00-6:00,Read,B3 BGP and IP services,Ch 12 Advanced BGP,pp 288-295,Pre-scan + DIKTA quiz (chat answers) + 1 sprint. Note: Skip pp 296-317 (route maps/filtering: ENARSI depth),3.2.c,R-12-1,
72,2026-12-22,Tue,Weekday 5:00-6:00,Read,B3 BGP and IP services,Ch 12 Advanced BGP,pp 318-329,Sprints (25 + 15 min) with explain-back,3.2.c,R-12-2,
73,2026-12-23,Wed,Weekday 5:00-6:00,Read,B3 BGP and IP services,Ch 12 Advanced BGP,pp 330-333,Sprints (25 + 15 min) with explain-back; own-words summary; write 5-6 Anki cards,3.2.c,R-12-3,
74,2026-12-24,Thu,Weekday 5:00-6:00,Read,B3 BGP and IP services,Ch 15 IP Services,pp 418-425,Pre-scan + DIKTA quiz (chat answers) + 1 sprint. Note: NTP/PTP: interpret only,3.3.a-c,R-15-1,
75,2026-12-25,Fri,Weekday 5:00-6:00,Read,B3 BGP and IP services,Ch 15 IP Services,pp 426-437,Sprints (25 + 15 min) with explain-back,3.3.a-c,R-15-2,
76,2026-12-26,Sat,Weekend 5:00-8:00,Lab,B3 BGP and IP services,Ch 12 Advanced BGP,-,Best path: weight vs local preference; Anki cards from what broke,3.2.c,L-12-1,
77,2026-12-26,Sat,Weekend 5:00-8:00,Lab,B3 BGP and IP services,Ch 12 Advanced BGP,-,Best path: AS path prepend and MED; Anki cards from what broke,3.2.c,L-12-2,
78,2026-12-27,Sun,Weekend 5:00-8:00,Buffer,,Buffer,-,Catch up any missed reading or labs; otherwise concept review: Pearson questions for chapters read so far,,BUF,
79,2026-12-28,Mon,Weekday 5:00-6:00,Read,B3 BGP and IP services,Ch 15 IP Services,pp 438-449,Sprints (25 + 15 min) with explain-back,3.3.a-c,R-15-3,
80,2026-12-29,Tue,Weekday 5:00-6:00,Read,B3 BGP and IP services,Ch 15 IP Services,pp 450-461,Sprints (25 + 15 min) with explain-back,3.3.a-c,R-15-4,
81,2026-12-30,Wed,Weekday 5:00-6:00,Read,B3 BGP and IP services,Ch 15 IP Services,pp 462-465,Sprints (25 + 15 min) with explain-back; own-words summary; write 5-6 Anki cards,3.3.a-c,R-15-5,
82,2026-12-31,Thu,Weekday 5:00-6:00,Read,B3 BGP and IP services,Ch 13 Multicast,pp 334-341,Pre-scan + DIKTA quiz (chat answers) + 1 sprint. Note: Describe only,3.3.d,R-13-1,
83,2027-01-01,Fri,Weekday 5:00-6:00,Read,B3 BGP and IP services,Ch 13 Multicast,pp 342-353,Sprints (25 + 15 min) with explain-back,3.3.d,R-13-2,
84,2027-01-02,Sat,Weekend 5:00-8:00,Lab,B3 BGP and IP services,Ch 15 IP Services,-,"NAT: static, pooled, PAT: Build, Break, Fix; Anki cards from what broke",3.3.a-c,L-15-1,
85,2027-01-02,Sat,Weekend 5:00-8:00,Lab,B3 BGP and IP services,Ch 15 IP Services,-,HSRP and VRRP with object tracking; Anki cards from what broke,3.3.a-c,L-15-2,
86,2027-01-03,Sun,Weekend 5:00-8:00,Lab,B3 BGP and IP services,Ch 15 IP Services,-,Read and verify NTP/PTP configs; Anki cards from what broke,3.3.a-c,L-15-3,
87,2027-01-04,Mon,Weekday 5:00-6:00,Read,B3 BGP and IP services,Ch 13 Multicast,pp 354-365,Sprints (25 + 15 min) with explain-back,3.3.d,R-13-3,
88,2027-01-05,Tue,Weekday 5:00-6:00,Read,B3 BGP and IP services,Ch 13 Multicast,pp 366-369,Sprints (25 + 15 min) with explain-back; own-words summary; write 5-6 Anki cards,3.3.d,R-13-4,
89,2027-01-06,Wed,Weekday 5:00-6:00,Buffer,,Buffer,-,Catch up if behind; otherwise extra Anki + re-read last chapter's notes,,BUF,
90,2027-01-07,Thu,Weekday 5:00-6:00,Buffer,,Buffer,-,Catch up if behind; otherwise extra Anki + re-read last chapter's notes,,BUF,
91,2027-01-08,Fri,Weekday 5:00-6:00,Buffer,,Buffer,-,Catch up if behind; otherwise extra Anki + re-read last chapter's notes,,BUF,
92,2027-01-09,Sat,Weekend 5:00-8:00,Buffer,,Buffer,-,Catch up any missed reading or labs; otherwise concept review: Pearson questions for chapters read so far,,BUF,
93,2027-01-10,Sun,Weekend 5:00-8:00,Buffer,,Buffer,-,Catch up any missed reading or labs; otherwise concept review: Pearson questions for chapters read so far,,BUF,
94,2027-01-11,Mon,Weekday 5:00-6:00,Block review,B3 BGP and IP services,Review: ch 11,-,"Recall first (blank page: what do I remember?), then re-read own notes, redo DIKTA quiz, book's 'Review All Key Topics' + 'Define Key Terms'",,V-B3-1,
95,2027-01-12,Tue,Weekday 5:00-6:00,Block review,B3 BGP and IP services,Review: ch 12,-,"Recall first (blank page: what do I remember?), then re-read own notes, redo DIKTA quiz, book's 'Review All Key Topics' + 'Define Key Terms'",,V-B3-2,
96,2027-01-13,Wed,Weekday 5:00-6:00,Block review,B3 BGP and IP services,Review: ch 15,-,"Recall first (blank page: what do I remember?), then re-read own notes, redo DIKTA quiz, book's 'Review All Key Topics' + 'Define Key Terms'",,V-B3-3,
97,2027-01-14,Thu,Weekday 5:00-6:00,Block review,B3 BGP and IP services,Review: ch 13,-,"Recall first (blank page: what do I remember?), then re-read own notes, redo DIKTA quiz, book's 'Review All Key Topics' + 'Define Key Terms'",,V-B3-4,
98,2027-01-15,Fri,Weekday 5:00-6:00,Read,"B4 QoS, tunnels, architecture",Ch 14 Quality of Service,pp 370-377,Pre-scan + DIKTA quiz (chat answers) + 1 sprint. Note: Skip p393 (Wireless QoS),1.4,R-14-1,
99,2027-01-16,Sat,Weekend 5:00-8:00,Block lab,B3 BGP and IP services,B3 BGP and IP services: mixed lab,-,One topology combining the block's topics; troubleshoot from scratch without the book (faults from 2+ chapters at once),,BL-B3,
100,2027-01-17,Sun,Weekend 5:00-8:00,Block test,B3 BGP and IP services,B3 BGP and IP services: block test,-,"Pearson Test Prep (book's code), custom exam: this block's chapters + ~20% from earlier blocks, timed. Review every miss, log weak topics in tracker",,BT-B3,
101,2027-01-18,Mon,Weekday 5:00-6:00,Read,"B4 QoS, tunnels, architecture",Ch 14 Quality of Service,pp 378-389,Sprints (25 + 15 min) with explain-back,1.4,R-14-2,
102,2027-01-19,Tue,Weekday 5:00-6:00,Read,"B4 QoS, tunnels, architecture",Ch 14 Quality of Service,"pp 390-392, 394-402",Sprints (25 + 15 min) with explain-back,1.4,R-14-3,
103,2027-01-20,Wed,Weekday 5:00-6:00,Read,"B4 QoS, tunnels, architecture",Ch 14 Quality of Service,pp 403-413,Sprints (25 + 15 min) with explain-back,1.4,R-14-4,
104,2027-01-21,Thu,Weekday 5:00-6:00,Read,"B4 QoS, tunnels, architecture",Ch 14 Quality of Service,pp 414-417,Sprints (25 + 15 min) with explain-back; own-words summary; write 5-6 Anki cards,1.4,R-14-5,
105,2027-01-22,Fri,Weekday 5:00-6:00,Read,"B4 QoS, tunnels, architecture",Ch 16 Overlay Tunnels,pp 466-473,Pre-scan + DIKTA quiz (chat answers) + 1 sprint. Note: LISP/VXLAN: describe only,"2.2.b, 2.3",R-16-1,
106,2027-01-23,Sat,Weekend 5:00-8:00,Lab,"B4 QoS, tunnels, architecture",Ch 14 Quality of Service,-,"Read an MQC policy: classify, mark, police, queue (interpret show policy-map); Anki cards from what broke",1.4,L-14-1,
107,2027-01-24,Sun,Weekend 5:00-8:00,Buffer,,Buffer,-,Catch up any missed reading or labs; otherwise concept review: Pearson questions for chapters read so far,,BUF,
108,2027-01-25,Mon,Weekday 5:00-6:00,Read,"B4 QoS, tunnels, architecture",Ch 16 Overlay Tunnels,pp 474-485,Sprints (25 + 15 min) with explain-back,"2.2.b, 2.3",R-16-2,
109,2027-01-26,Tue,Weekday 5:00-6:00,Read,"B4 QoS, tunnels, architecture",Ch 16 Overlay Tunnels,pp 486-497,Sprints (25 + 15 min) with explain-back,"2.2.b, 2.3",R-16-3,
110,2027-01-27,Wed,Weekday 5:00-6:00,Read,"B4 QoS, tunnels, architecture",Ch 16 Overlay Tunnels,pp 498-505,Sprints (25 + 15 min) with explain-back,"2.2.b, 2.3",R-16-4,
111,2027-01-28,Thu,Weekday 5:00-6:00,Read,"B4 QoS, tunnels, architecture",Ch 16 Overlay Tunnels,pp 506-509,Sprints (25 + 15 min) with explain-back; own-words summary; write 5-6 Anki cards,"2.2.b, 2.3",R-16-5,
112,2027-01-29,Fri,Weekday 5:00-6:00,Read,"B4 QoS, tunnels, architecture",Ch 22 Enterprise Network Architecture,pp 622-629,Pre-scan + DIKTA quiz (chat answers) + 1 sprint,1.1,R-22-1,
113,2027-01-30,Sat,Weekend 5:00-8:00,Lab,"B4 QoS, tunnels, architecture",Ch 16 Overlay Tunnels,-,GRE tunnel with routing over it; Anki cards from what broke,"2.2.b, 2.3",L-16-1,
114,2027-01-30,Sat,Weekend 5:00-8:00,Lab,"B4 QoS, tunnels, architecture",Ch 16 Overlay Tunnels,-,GRE over IPsec and VTI; Anki cards from what broke,"2.2.b, 2.3",L-16-2,
115,2027-01-31,Sun,Weekend 5:00-8:00,Buffer,,Buffer,-,Catch up any missed reading or labs; otherwise concept review: Pearson questions for chapters read so far,,BUF,
116,2027-02-01,Mon,Weekday 5:00-6:00,Read,"B4 QoS, tunnels, architecture",Ch 22 Enterprise Network Architecture,pp 630-637,Sprints (25 + 15 min) with explain-back,1.1,R-22-2,
117,2027-02-02,Tue,Weekday 5:00-6:00,Read,"B4 QoS, tunnels, architecture",Ch 22 Enterprise Network Architecture,pp 638-641,Sprints (25 + 15 min) with explain-back; own-words summary; write 5-6 Anki cards,1.1,R-22-3,
118,2027-02-03,Wed,Weekday 5:00-6:00,Read,"B4 QoS, tunnels, architecture",Ch 27 Virtualization,pp 826-833,Pre-scan + DIKTA quiz (chat answers) + 1 sprint. Note: Skim pp 833-849 (NFV/ENFV not on v1.2); own-words summary; write 5-6 Anki cards,2.1,R-27-1,
119,2027-02-04,Thu,Weekday 5:00-6:00,Read,"B4 QoS, tunnels, architecture",Ch 23 Fabric Technologies,pp 642-649,Pre-scan + DIKTA quiz (chat answers) + 1 sprint. Note: Skip fabric WLC detail,"1.2, 1.3",R-23-1,
120,2027-02-05,Fri,Weekday 5:00-6:00,Read,"B4 QoS, tunnels, architecture",Ch 23 Fabric Technologies,pp 650-661,Sprints (25 + 15 min) with explain-back,"1.2, 1.3",R-23-2,
121,2027-02-06,Sat,Weekend 5:00-8:00,Buffer,,Buffer,-,Catch up any missed reading or labs; otherwise concept review: Pearson questions for chapters read so far,,BUF,
122,2027-02-07,Sun,Weekend 5:00-8:00,Buffer,,Buffer,-,Catch up any missed reading or labs; otherwise concept review: Pearson questions for chapters read so far,,BUF,
123,2027-02-08,Mon,Weekday 5:00-6:00,Read,"B4 QoS, tunnels, architecture",Ch 23 Fabric Technologies,pp 662-667,Sprints (25 + 15 min) with explain-back,"1.2, 1.3",R-23-3,
124,2027-02-09,Tue,Weekday 5:00-6:00,Read,"B4 QoS, tunnels, architecture",Ch 23 Fabric Technologies,pp 668-671,Sprints (25 + 15 min) with explain-back; own-words summary; write 5-6 Anki cards,"1.2, 1.3",R-23-4,
125,2027-02-10,Wed,Weekday 5:00-6:00,Buffer,,Buffer,-,Catch up if behind; otherwise extra Anki + re-read last chapter's notes,,BUF,
126,2027-02-11,Thu,Weekday 5:00-6:00,Buffer,,Buffer,-,Catch up if behind; otherwise extra Anki + re-read last chapter's notes,,BUF,
127,2027-02-12,Fri,Weekday 5:00-6:00,Buffer,,Buffer,-,Catch up if behind; otherwise extra Anki + re-read last chapter's notes,,BUF,
128,2027-02-13,Sat,Weekend 5:00-8:00,Lab,"B4 QoS, tunnels, architecture",Ch 23 Fabric Technologies,-,SD-WAN and SD-Access tour (DevNet sandbox); Anki cards from what broke,"1.2, 1.3",L-23-1,
129,2027-02-14,Sun,Weekend 5:00-8:00,Buffer,,Buffer,-,Catch up any missed reading or labs; otherwise concept review: Pearson questions for chapters read so far,,BUF,
130,2027-02-15,Mon,Weekday 5:00-6:00,Block review,"B4 QoS, tunnels, architecture",Review: ch 14,-,"Recall first (blank page: what do I remember?), then re-read own notes, redo DIKTA quiz, book's 'Review All Key Topics' + 'Define Key Terms'",,V-B4-1,
131,2027-02-16,Tue,Weekday 5:00-6:00,Block review,"B4 QoS, tunnels, architecture",Review: ch 16,-,"Recall first (blank page: what do I remember?), then re-read own notes, redo DIKTA quiz, book's 'Review All Key Topics' + 'Define Key Terms'",,V-B4-2,
132,2027-02-17,Wed,Weekday 5:00-6:00,Block review,"B4 QoS, tunnels, architecture",Review: ch 22+27,-,"Recall first (blank page: what do I remember?), then re-read own notes, redo DIKTA quiz, book's 'Review All Key Topics' + 'Define Key Terms'",,V-B4-3,
133,2027-02-18,Thu,Weekday 5:00-6:00,Block review,"B4 QoS, tunnels, architecture",Review: ch 23,-,"Recall first (blank page: what do I remember?), then re-read own notes, redo DIKTA quiz, book's 'Review All Key Topics' + 'Define Key Terms'",,V-B4-4,
134,2027-02-19,Fri,Weekday 5:00-6:00,Read,B5 Assurance and security,Ch 24 Network Assurance,pp 672-679,Pre-scan + DIKTA quiz (chat answers) + 1 sprint,4.1-4.5,R-24-1,
135,2027-02-20,Sat,Weekend 5:00-8:00,Block lab,"B4 QoS, tunnels, architecture","B4 QoS, tunnels, architecture: mixed lab",-,One topology combining the block's topics; troubleshoot from scratch without the book (faults from 2+ chapters at once),,BL-B4,
136,2027-02-21,Sun,Weekend 5:00-8:00,Block test,"B4 QoS, tunnels, architecture","B4 QoS, tunnels, architecture: block test",-,"Pearson Test Prep (book's code), custom exam: this block's chapters + ~20% from earlier blocks, timed. Review every miss, log weak topics in tracker",,BT-B4,
137,2027-02-22,Mon,Weekday 5:00-6:00,Read,B5 Assurance and security,Ch 24 Network Assurance,pp 680-691,Sprints (25 + 15 min) with explain-back,4.1-4.5,R-24-2,
138,2027-02-23,Tue,Weekday 5:00-6:00,Read,B5 Assurance and security,Ch 24 Network Assurance,pp 692-703,Sprints (25 + 15 min) with explain-back,4.1-4.5,R-24-3,
139,2027-02-24,Wed,Weekday 5:00-6:00,Read,B5 Assurance and security,Ch 24 Network Assurance,pp 704-715,Sprints (25 + 15 min) with explain-back,4.1-4.5,R-24-4,
140,2027-02-25,Thu,Weekday 5:00-6:00,Read,B5 Assurance and security,Ch 24 Network Assurance,pp 716-727,Sprints (25 + 15 min) with explain-back,4.1-4.5,R-24-5,
141,2027-02-26,Fri,Weekday 5:00-6:00,Read,B5 Assurance and security,Ch 24 Network Assurance,pp 728-735,Sprints (25 + 15 min) with explain-back; own-words summary; write 5-6 Anki cards,4.1-4.5,R-24-6,
142,2027-02-27,Sat,Weekend 5:00-8:00,Lab,B5 Assurance and security,Ch 24 Network Assurance,-,"Conditional debug, syslog, SNMP; Anki cards from what broke",4.1-4.5,L-24-1,
143,2027-02-27,Sat,Weekend 5:00-8:00,Lab,B5 Assurance and security,Ch 24 Network Assurance,-,Flexible NetFlow; Anki cards from what broke,4.1-4.5,L-24-2,
144,2027-02-28,Sun,Weekend 5:00-8:00,Lab,B5 Assurance and security,Ch 24 Network Assurance,-,"SPAN, RSPAN, ERSPAN; Anki cards from what broke",4.1-4.5,L-24-3,
145,2027-02-28,Sun,Weekend 5:00-8:00,Lab,B5 Assurance and security,Ch 24 Network Assurance,-,IP SLA with tracking; Anki cards from what broke,4.1-4.5,L-24-4,
146,2027-03-01,Mon,Weekday 5:00-6:00,Read,B5 Assurance and security,Gap: Catalyst Center AI-powered workflows,-,Not in book: Cisco Catalyst Center docs. Own-words summary + Anki cards,4.5,R-GAP-4.5-1,
147,2027-03-02,Tue,Weekday 5:00-6:00,Read,B5 Assurance and security,Ch 26 Device Access Control and Infrastructure Security,pp 778-785,Pre-scan + DIKTA quiz (chat answers) + 1 sprint. Note: ZBFW: skim (not on v1.2),"5.1, 5.2",R-26-1,
148,2027-03-03,Wed,Weekday 5:00-6:00,Read,B5 Assurance and security,Ch 26 Device Access Control and Infrastructure Security,pp 786-797,Sprints (25 + 15 min) with explain-back,"5.1, 5.2",R-26-2,
149,2027-03-04,Thu,Weekday 5:00-6:00,Read,B5 Assurance and security,Ch 26 Device Access Control and Infrastructure Security,pp 798-809,Sprints (25 + 15 min) with explain-back,"5.1, 5.2",R-26-3,
150,2027-03-05,Fri,Weekday 5:00-6:00,Read,B5 Assurance and security,Ch 26 Device Access Control and Infrastructure Security,pp 810-821,Sprints (25 + 15 min) with explain-back,"5.1, 5.2",R-26-4,
151,2027-03-06,Sat,Weekend 5:00-8:00,Lab,B5 Assurance and security,Gap: Catalyst Center AI-powered workflows,-,Catalyst Center sandbox: assurance and AI workflows (DevNet); Anki cards from what broke,4.5,L-GAP-4.5-1,
152,2027-03-07,Sun,Weekend 5:00-8:00,Buffer,,Buffer,-,Catch up any missed reading or labs; otherwise concept review: Pearson questions for chapters read so far,,BUF,
153,2027-03-08,Mon,Weekday 5:00-6:00,Read,B5 Assurance and security,Ch 26 Device Access Control and Infrastructure Security,pp 822-825,Sprints (25 + 15 min) with explain-back; own-words summary; write 5-6 Anki cards,"5.1, 5.2",R-26-5,
154,2027-03-09,Tue,Weekday 5:00-6:00,Read,B5 Assurance and security,Ch 25 Secure Network Access Control,pp 736-743,Pre-scan + DIKTA quiz (chat answers) + 1 sprint. Note: Describe only; 802.1X lightly,5.4,R-25-1,
155,2027-03-10,Wed,Weekday 5:00-6:00,Read,B5 Assurance and security,Ch 25 Secure Network Access Control,pp 744-755,Sprints (25 + 15 min) with explain-back,5.4,R-25-2,
156,2027-03-11,Thu,Weekday 5:00-6:00,Read,B5 Assurance and security,Ch 25 Secure Network Access Control,pp 756-767,Sprints (25 + 15 min) with explain-back,5.4,R-25-3,
157,2027-03-12,Fri,Weekday 5:00-6:00,Read,B5 Assurance and security,Ch 25 Secure Network Access Control,pp 768-773,Sprints (25 + 15 min) with explain-back,5.4,R-25-4,
158,2027-03-13,Sat,Weekend 5:00-8:00,Lab,B5 Assurance and security,Ch 26 Device Access Control and Infrastructure Security,-,"Local users, lines, AAA with local fallback; Anki cards from what broke","5.1, 5.2",L-26-1,
159,2027-03-13,Sat,Weekend 5:00-8:00,Lab,B5 Assurance and security,Ch 26 Device Access Control and Infrastructure Security,-,"ACLs and CoPP: Build, Break, Fix; Anki cards from what broke","5.1, 5.2",L-26-2,
160,2027-03-14,Sun,Weekend 5:00-8:00,Buffer,,Buffer,-,Catch up any missed reading or labs; otherwise concept review: Pearson questions for chapters read so far,,BUF,
161,2027-03-15,Mon,Weekday 5:00-6:00,Read,B5 Assurance and security,Ch 25 Secure Network Access Control,pp 774-777,Sprints (25 + 15 min) with explain-back; own-words summary; write 5-6 Anki cards,5.4,R-25-5,
162,2027-03-16,Tue,Weekday 5:00-6:00,Buffer,,Buffer,-,Catch up if behind; otherwise extra Anki + re-read last chapter's notes,,BUF,
163,2027-03-17,Wed,Weekday 5:00-6:00,Buffer,,Buffer,-,Catch up if behind; otherwise extra Anki + re-read last chapter's notes,,BUF,
164,2027-03-18,Thu,Weekday 5:00-6:00,Buffer,,Buffer,-,Catch up if behind; otherwise extra Anki + re-read last chapter's notes,,BUF,
165,2027-03-19,Fri,Weekday 5:00-6:00,Buffer,,Buffer,-,Catch up if behind; otherwise extra Anki + re-read last chapter's notes,,BUF,
166,2027-03-20,Sat,Weekend 5:00-8:00,Buffer,,Buffer,-,Catch up any missed reading or labs; otherwise concept review: Pearson questions for chapters read so far,,BUF,
167,2027-03-21,Sun,Weekend 5:00-8:00,Buffer,,Buffer,-,Catch up any missed reading or labs; otherwise concept review: Pearson questions for chapters read so far,,BUF,
168,2027-03-22,Mon,Weekday 5:00-6:00,Block review,B5 Assurance and security,Review: ch 24,-,"Recall first (blank page: what do I remember?), then re-read own notes, redo DIKTA quiz, book's 'Review All Key Topics' + 'Define Key Terms'",,V-B5-1,
169,2027-03-23,Tue,Weekday 5:00-6:00,Block review,B5 Assurance and security,Review: ch GAP-4.5,-,"Recall first (blank page: what do I remember?), then re-read own notes, redo DIKTA quiz, book's 'Review All Key Topics' + 'Define Key Terms'",,V-B5-2,
170,2027-03-24,Wed,Weekday 5:00-6:00,Block review,B5 Assurance and security,Review: ch 26,-,"Recall first (blank page: what do I remember?), then re-read own notes, redo DIKTA quiz, book's 'Review All Key Topics' + 'Define Key Terms'",,V-B5-3,
171,2027-03-25,Thu,Weekday 5:00-6:00,Block review,B5 Assurance and security,Review: ch 25,-,"Recall first (blank page: what do I remember?), then re-read own notes, redo DIKTA quiz, book's 'Review All Key Topics' + 'Define Key Terms'",,V-B5-4,
172,2027-03-26,Fri,Weekday 5:00-6:00,Read,B6 Programmability and automation,Ch 28 Foundational Network Programmability,pp 850-857,Pre-scan + DIKTA quiz (chat answers) + 1 sprint,"4.6, 6.1-6.5",R-28-1,
173,2027-03-27,Sat,Weekend 5:00-8:00,Block lab,B5 Assurance and security,B5 Assurance and security: mixed lab,-,One topology combining the block's topics; troubleshoot from scratch without the book (faults from 2+ chapters at once),,BL-B5,
174,2027-03-28,Sun,Weekend 5:00-8:00,Block test,B5 Assurance and security,B5 Assurance and security: block test,-,"Pearson Test Prep (book's code), custom exam: this block's chapters + ~20% from earlier blocks, timed. Review every miss, log weak topics in tracker",,BT-B5,
175,2027-03-29,Mon,Weekday 5:00-6:00,Read,B6 Programmability and automation,Ch 28 Foundational Network Programmability,pp 858-869,Sprints (25 + 15 min) with explain-back,"4.6, 6.1-6.5",R-28-2,
176,2027-03-30,Tue,Weekday 5:00-6:00,Read,B6 Programmability and automation,Ch 28 Foundational Network Programmability,pp 870-881,Sprints (25 + 15 min) with explain-back,"4.6, 6.1-6.5",R-28-3,
177,2027-03-31,Wed,Weekday 5:00-6:00,Read,B6 Programmability and automation,Ch 28 Foundational Network Programmability,pp 882-887,Sprints (25 + 15 min) with explain-back,"4.6, 6.1-6.5",R-28-4,
178,2027-04-01,Thu,Weekday 5:00-6:00,Read,B6 Programmability and automation,Ch 28 Foundational Network Programmability,pp 888-891,Sprints (25 + 15 min) with explain-back; own-words summary; write 5-6 Anki cards,"4.6, 6.1-6.5",R-28-5,
179,2027-04-02,Fri,Weekday 5:00-6:00,Read,B6 Programmability and automation,Gap: REST API security,-,"Not in book: basic/token/OAuth auth, HTTPS, API keys vs tokens. Own-words summary + Anki cards",5.3,R-GAP-5.3-1,
180,2027-04-03,Sat,Weekend 5:00-8:00,Lab,B6 Programmability and automation,Ch 28 Foundational Network Programmability,-,"Construct JSON, read Python, decode REST response codes (Postman); Anki cards from what broke","4.6, 6.1-6.5",L-28-1,
181,2027-04-03,Sat,Weekend 5:00-8:00,Lab,B6 Programmability and automation,Ch 28 Foundational Network Programmability,-,NETCONF and RESTCONF on IOS-XE (Cat8000v); Anki cards from what broke,"4.6, 6.1-6.5",L-28-2,
182,2027-04-04,Sun,Weekend 5:00-8:00,Lab,B6 Programmability and automation,Ch 28 Foundational Network Programmability,-,Catalyst Center / SD-WAN Manager APIs (DevNet sandbox); Anki cards from what broke,"4.6, 6.1-6.5",L-28-3,
183,2027-04-05,Mon,Weekday 5:00-6:00,Read,B6 Programmability and automation,Ch 29 Introduction to Automation Tools,pp 892-899,Pre-scan + DIKTA quiz (chat answers) + 1 sprint. Note: Agent vs agentless: compare only,"6.6, 6.7",R-29-1,
184,2027-04-06,Tue,Weekday 5:00-6:00,Read,B6 Programmability and automation,Ch 29 Introduction to Automation Tools,pp 900-911,Sprints (25 + 15 min) with explain-back,"6.6, 6.7",R-29-2,
185,2027-04-07,Wed,Weekday 5:00-6:00,Read,B6 Programmability and automation,Ch 29 Introduction to Automation Tools,pp 912-921,Sprints (25 + 15 min) with explain-back,"6.6, 6.7",R-29-3,
186,2027-04-08,Thu,Weekday 5:00-6:00,Read,B6 Programmability and automation,Ch 29 Introduction to Automation Tools,pp 922-925,Sprints (25 + 15 min) with explain-back; own-words summary; write 5-6 Anki cards,"6.6, 6.7",R-29-4,
187,2027-04-09,Fri,Weekday 5:00-6:00,Buffer,,Buffer,-,Catch up if behind; otherwise extra Anki + re-read last chapter's notes,,BUF,
188,2027-04-10,Sat,Weekend 5:00-8:00,Lab,B6 Programmability and automation,Ch 29 Introduction to Automation Tools,-,EEM applet triggered by syslog; Anki cards from what broke,"6.6, 6.7",L-29-1,
189,2027-04-10,Sat,Weekend 5:00-8:00,Lab,B6 Programmability and automation,Ch 29 Introduction to Automation Tools,-,EEM applet for timed data collection; Anki cards from what broke,"6.6, 6.7",L-29-2,
190,2027-04-11,Sun,Weekend 5:00-8:00,Buffer,,Buffer,-,Catch up any missed reading or labs; otherwise concept review: Pearson questions for chapters read so far,,BUF,
191,2027-04-12,Mon,Weekday 5:00-6:00,Block review,B6 Programmability and automation,Review: ch 28,-,"Recall first (blank page: what do I remember?), then re-read own notes, redo DIKTA quiz, book's 'Review All Key Topics' + 'Define Key Terms'",,V-B6-1,
192,2027-04-13,Tue,Weekday 5:00-6:00,Block review,B6 Programmability and automation,Review: ch GAP-5.3,-,"Recall first (blank page: what do I remember?), then re-read own notes, redo DIKTA quiz, book's 'Review All Key Topics' + 'Define Key Terms'",,V-B6-2,
193,2027-04-14,Wed,Weekday 5:00-6:00,Block review,B6 Programmability and automation,Review: ch 29,-,"Recall first (blank page: what do I remember?), then re-read own notes, redo DIKTA quiz, book's 'Review All Key Topics' + 'Define Key Terms'",,V-B6-3,
194,2027-04-15,Thu,Weekday 5:00-6:00,Buffer,,Buffer,-,Catch up if behind; otherwise extra Anki + re-read last chapter's notes,,BUF,
195,2027-04-16,Fri,Weekday 5:00-6:00,Buffer,,Buffer,-,Catch up if behind; otherwise extra Anki + re-read last chapter's notes,,BUF,
196,2027-04-17,Sat,Weekend 5:00-8:00,Block lab,B6 Programmability and automation,B6 Programmability and automation: mixed lab,-,One topology combining the block's topics; troubleshoot from scratch without the book (faults from 2+ chapters at once),,BL-B6,
197,2027-04-18,Sun,Weekend 5:00-8:00,Block test,B6 Programmability and automation,B6 Programmability and automation: block test,-,"Pearson Test Prep (book's code), custom exam: this block's chapters + ~20% from earlier blocks, timed. Review every miss, log weak topics in tracker",,BT-B6,
198,2027-04-19,Mon,Both,Phase 3,,Phase 3: practice exams,-,"Weekends: full Boson ExSim exam in exam conditions + review. Weekdays: Anki + review missed questions. Continue until readiness gates are met, then book the exam.",all,PHASE3,
